product_id,date,price
213566096,2024-09-08,555.51
213566096,2024-09-15,521.46
213566096,2024-09-22,529.1
213566096,2024-09-29,535.58
213566096,2024-10-06,509.33
213566096,2024-10-13,500.05
213566096,2024-10-20,497.51
213566096,2024-10-27,486.2
213566096,2024-11-03,465.88
213566096,2024-11-10,461.49
213566096,2024-11-17,454.63
213566096,2024-11-24,456.93
146160800,2024-09-08,465.13
146160800,2024-09-15,485.19
146160800,2024-09-22,497.15
146160800,2024-09-29,505.98
146160800,2024-10-06,516.99
146160800,2024-10-13,524.15
146160800,2024-10-20,507.32
146160800,2024-10-27,503.28
146160800,2024-11-03,442.85
146160800,2024-11-10,416.37
146160800,2024-11-17,390.11
146160800,2024-11-24,376.18
216561655,2024-09-08,2787.23
216561655,2024-09-15,2986.31
216561655,2024-09-22,3260.42
216561655,2024-09-29,3157.49
216561655,2024-10-06,2864.88
216561655,2024-10-13,2916.76
216561655,2024-10-20,2931.26
216561655,2024-10-27,2987.1
216561655,2024-11-03,2920.93
216561655,2024-11-10,2644.24
216561655,2024-11-17,2624.9
216561655,2024-11-24,2788.94
180430489,2024-09-08,355.77
180430489,2024-09-15,356.8
180430489,2024-09-22,356.82
180430489,2024-09-29,359.19
180430489,2024-10-06,340.99
180430489,2024-10-13,341.14
180430489,2024-10-20,360.03
180430489,2024-10-27,344.64
180430489,2024-11-03,340.59
180430489,2024-11-10,333.1
180430489,2024-11-17,331.73
180430489,2024-11-24,333.98
14079450,2024-09-08,377.65
14079450,2024-09-15,381.29
14079450,2024-09-22,372.41
14079450,2024-09-29,364.5
14079450,2024-10-06,358.41
14079450,2024-10-13,355.01
14079450,2024-10-20,313.85
14079450,2024-10-27,294.59
14079450,2024-11-03,289.39
14079450,2024-11-10,291.38
14079450,2024-11-17,330.91
14079450,2024-11-24,331.22
145700662,2024-09-08,529.69
145700662,2024-09-15,578.79
145700662,2024-09-22,636.92
145700662,2024-09-29,638.54
145700662,2024-10-06,667.14
145700662,2024-10-13,693.01
145700662,2024-10-20,673.63
145700662,2024-10-27,633.74
145700662,2024-11-03,627.0
145700662,2024-11-10,604.11
145700662,2024-11-17,590.65
145700662,2024-11-24,566.09
43563455,2024-09-08,606.53
43563455,2024-09-15,621.97
43563455,2024-09-22,642.01
43563455,2024-09-29,658.87
43563455,2024-10-06,658.94
43563455,2024-10-13,618.02
43563455,2024-10-20,610.79
43563455,2024-10-27,603.48
43563455,2024-11-03,551.08
43563455,2024-11-10,532.36
43563455,2024-11-17,568.67
43563455,2024-11-24,623.27
25534940,2024-09-08,1412.54
25534940,2024-09-15,1455.97
25534940,2024-09-22,1498.15
25534940,2024-09-29,1490.84
25534940,2024-10-06,1462.66
25534940,2024-10-13,1437.9
25534940,2024-10-20,1437.79
25534940,2024-10-27,1422.69
25534940,2024-11-03,1280.59
25534940,2024-11-10,1242.31
25534940,2024-11-17,1273.5
25534940,2024-11-24,1457.44
172075284,2024-09-08,434.53
172075284,2024-09-15,438.3
172075284,2024-09-22,450.25
172075284,2024-09-29,465.12
172075284,2024-10-06,451.37
172075284,2024-10-13,432.12
172075284,2024-10-20,425.65
172075284,2024-10-27,416.98
172075284,2024-11-03,406.66
172075284,2024-11-10,390.08
172075284,2024-11-17,378.32
172075284,2024-11-24,376.09
115116328,2024-09-08,375.78
115116328,2024-09-15,372.77
115116328,2024-09-22,389.56
115116328,2024-09-29,401.31
115116328,2024-10-06,413.37
115116328,2024-10-13,408.07
115116328,2024-10-20,394.69
115116328,2024-10-27,406.73
115116328,2024-11-03,368.96
115116328,2024-11-10,349.79
115116328,2024-11-17,350.4
115116328,2024-11-24,351.33
225946142,2024-09-08,499.96
225946142,2024-09-15,506.73
225946142,2024-09-22,512.95
225946142,2024-09-29,512.86
225946142,2024-10-06,507.03
225946142,2024-10-13,484.43
225946142,2024-10-20,468.21
225946142,2024-10-27,472.06
225946142,2024-11-03,463.73
225946142,2024-11-10,444.34
225946142,2024-11-17,442.88
225946142,2024-11-24,452.62
102687347,2024-09-08,544.93
102687347,2024-09-15,544.98
102687347,2024-09-22,555.22
102687347,2024-09-29,559.79
102687347,2024-10-06,563.35
102687347,2024-10-13,536.69
102687347,2024-10-20,517.14
102687347,2024-10-27,526.83
102687347,2024-11-03,500.25
102687347,2024-11-10,486.29
102687347,2024-11-17,481.68
102687347,2024-11-24,490.57
243112464,2024-09-08,675.2
243112464,2024-09-15,706.8
243112464,2024-09-22,619.42
243112464,2024-09-29,544.13
243112464,2024-10-06,527.94
243112464,2024-10-13,508.94
243112464,2024-10-20,499.88
243112464,2024-10-27,483.22
243112464,2024-11-03,433.67
243112464,2024-11-10,422.91
243112464,2024-11-17,415.46
243112464,2024-11-24,414.37
154757715,2024-09-08,528.34
154757715,2024-09-15,573.11
154757715,2024-09-22,637.27
154757715,2024-09-29,638.1
154757715,2024-10-06,667.54
154757715,2024-10-13,693.29
154757715,2024-10-20,653.4
154757715,2024-10-27,618.79
154757715,2024-11-03,625.35
154757715,2024-11-10,603.13
154757715,2024-11-17,592.22
154757715,2024-11-24,566.46
44596588,2024-09-08,760.2
44596588,2024-09-15,781.43
44596588,2024-09-22,789.29
44596588,2024-09-29,787.11
44596588,2024-10-06,787.11
44596588,2024-10-13,772.71
44596588,2024-10-20,737.75
44596588,2024-10-27,722.08
44596588,2024-11-03,686.81
44596588,2024-11-10,678.12
44596588,2024-11-17,672.06
44596588,2024-11-24,676.63
59123446,2024-09-08,305.62
59123446,2024-09-15,348.51
59123446,2024-09-22,320.87
59123446,2024-09-29,318.0
59123446,2024-10-06,332.75
59123446,2024-10-13,336.15
59123446,2024-10-20,330.23
59123446,2024-10-27,317.86
59123446,2024-11-03,321.39
59123446,2024-11-10,308.62
59123446,2024-11-17,300.19
59123446,2024-11-24,284.62
10696584,2024-09-08,211.48
10696584,2024-09-15,191.92
10696584,2024-09-22,188.25
10696584,2024-09-29,188.1
10696584,2024-10-06,188.7
10696584,2024-10-13,183.24
10696584,2024-10-20,176.98
10696584,2024-10-27,195.27
10696584,2024-11-03,197.29
10696584,2024-11-10,195.2
10696584,2024-11-17,176.67
10696584,2024-11-24,179.61
104673007,2024-09-08,1547.16
104673007,2024-09-15,1562.94
104673007,2024-09-22,1576.26
104673007,2024-09-29,1622.53
104673007,2024-10-06,1670.56
104673007,2024-10-13,1618.46
104673007,2024-10-20,1578.6
104673007,2024-10-27,1608.71
104673007,2024-11-03,1581.99
104673007,2024-11-10,1468.01
104673007,2024-11-17,1422.58
104673007,2024-11-24,1416.19
178230606,2024-09-08,338.08
178230606,2024-09-15,340.28
178230606,2024-09-22,348.02
178230606,2024-09-29,353.65
178230606,2024-10-06,365.45
178230606,2024-10-13,363.7
178230606,2024-10-20,351.59
178230606,2024-10-27,354.87
178230606,2024-11-03,341.36
178230606,2024-11-10,323.56
178230606,2024-11-17,330.34
178230606,2024-11-24,338.39
80027519,2024-09-08,834.84
80027519,2024-09-15,855.38
80027519,2024-09-22,880.04
80027519,2024-09-29,845.9
80027519,2024-10-06,826.51
80027519,2024-10-13,794.6
80027519,2024-10-20,767.48
80027519,2024-10-27,759.23
80027519,2024-11-03,736.7
80027519,2024-11-10,725.9
80027519,2024-11-17,718.96
80027519,2024-11-24,726.73
97250503,2024-09-08,986.74
97250503,2024-09-15,968.07
97250503,2024-09-22,899.98
97250503,2024-09-29,898.01
97250503,2024-10-06,922.83
97250503,2024-10-13,915.46
97250503,2024-10-20,927.19
97250503,2024-10-27,953.98
97250503,2024-11-03,906.78
97250503,2024-11-10,898.28
97250503,2024-11-17,888.86
97250503,2024-11-24,876.55
242483104,2024-09-08,592.94
242483104,2024-09-15,569.71
242483104,2024-09-22,580.16
242483104,2024-09-29,566.98
242483104,2024-10-06,577.7
242483104,2024-10-13,585.61
242483104,2024-10-20,593.4
242483104,2024-10-27,573.66
242483104,2024-11-03,519.8
242483104,2024-11-10,511.89
242483104,2024-11-17,504.68
242483104,2024-11-24,500.12
10405454,2024-09-08,1665.61
10405454,2024-09-15,1789.7
10405454,2024-09-22,1642.55
10405454,2024-09-29,1610.53
10405454,2024-10-06,1615.51
10405454,2024-10-13,1610.78
10405454,2024-10-20,1584.67
10405454,2024-10-27,1525.72
10405454,2024-11-03,1507.24
10405454,2024-11-10,1481.93
10405454,2024-11-17,1524.96
10405454,2024-11-24,1558.66
243107748,2024-09-08,669.36
243107748,2024-09-15,674.34
243107748,2024-09-22,646.5
243107748,2024-09-29,621.57
243107748,2024-10-06,608.31
243107748,2024-10-13,582.28
243107748,2024-10-20,573.34
243107748,2024-10-27,551.77
243107748,2024-11-03,498.9
243107748,2024-11-10,486.71
243107748,2024-11-17,478.2
243107748,2024-11-24,477.27
175533817,2024-09-29,996.0
175533817,2024-10-06,999.82
175533817,2024-10-13,990.37
175533817,2024-10-20,978.59
175533817,2024-10-27,939.02
175533817,2024-11-03,863.74
175533817,2024-11-10,850.64
175533817,2024-11-17,873.37
175533817,2024-11-24,889.37
12886978,2024-09-08,325.76
12886978,2024-09-15,316.59
12886978,2024-09-22,313.59
12886978,2024-09-29,323.52
12886978,2024-10-06,326.86
12886978,2024-10-13,319.83
12886978,2024-10-20,326.02
12886978,2024-10-27,316.08
12886978,2024-11-03,312.95
12886978,2024-11-10,292.85
12886978,2024-11-17,312.52
12886978,2024-11-24,325.41
205942119,2024-09-08,1336.63
205942119,2024-09-15,1342.07
205942119,2024-09-22,1287.03
205942119,2024-09-29,1276.98
205942119,2024-10-06,1326.93
205942119,2024-10-13,1278.48
205942119,2024-10-20,1315.05
205942119,2024-10-27,1386.95
205942119,2024-11-03,1409.94
205942119,2024-11-10,1351.89
205942119,2024-11-17,1380.5
205942119,2024-11-24,1382.28
230011654,2024-09-08,2709.88
230011654,2024-09-15,2702.28
230011654,2024-09-22,2716.32
230011654,2024-09-29,2735.3
230011654,2024-10-06,2735.12
230011654,2024-10-13,2585.41
230011654,2024-10-20,2519.51
230011654,2024-10-27,2571.71
230011654,2024-11-03,2647.82
230011654,2024-11-10,2502.69
230011654,2024-11-17,2552.96
230011654,2024-11-24,2289.11
176035400,2024-09-08,404.0
176035400,2024-09-15,376.39
176035400,2024-09-22,416.84
176035400,2024-09-29,425.91
176035400,2024-10-06,439.32
176035400,2024-10-13,409.67
176035400,2024-10-20,390.44
176035400,2024-10-27,395.64
176035400,2024-11-03,364.78
176035400,2024-11-10,358.94
176035400,2024-11-17,356.8
176035400,2024-11-24,364.03
219561897,2024-09-08,3530.32
219561897,2024-09-15,3939.04
219561897,2024-09-22,4190.92
219561897,2024-09-29,4292.9
219561897,2024-10-06,4382.59
219561897,2024-10-13,4259.31
219561897,2024-10-20,4278.04
219561897,2024-10-27,4196.41
219561897,2024-11-03,3913.12
219561897,2024-11-10,3866.93
219561897,2024-11-17,3729.75
219561897,2024-11-24,4002.04
147688059,2024-09-08,1623.41
147688059,2024-09-15,1748.3
147688059,2024-09-22,1843.58
147688059,2024-09-29,1821.72
147688059,2024-10-06,1737.95
147688059,2024-10-13,1667.57
147688059,2024-10-20,1574.69
147688059,2024-10-27,1578.81
147688059,2024-11-03,1451.88
147688059,2024-11-10,1393.19
147688059,2024-11-17,1363.59
147688059,2024-11-24,1353.43
18326094,2024-09-08,378.39
18326094,2024-09-15,369.33
18326094,2024-09-22,392.74
18326094,2024-09-29,392.82
18326094,2024-10-06,381.62
18326094,2024-10-13,377.14
18326094,2024-10-20,376.04
18326094,2024-10-27,369.72
18326094,2024-11-03,350.07
18326094,2024-11-10,342.24
18326094,2024-11-17,341.27
18326094,2024-11-24,350.95
166504302,2024-09-08,910.15
166504302,2024-09-15,881.87
166504302,2024-09-22,920.33
166504302,2024-09-29,962.96
166504302,2024-10-06,967.36
166504302,2024-10-13,948.91
166504302,2024-10-20,885.58
166504302,2024-10-27,905.84
166504302,2024-11-03,883.95
166504302,2024-11-10,881.69
166504302,2024-11-17,884.82
166504302,2024-11-24,921.47
9285253,2024-09-08,718.99
9285253,2024-09-15,780.12
9285253,2024-09-22,838.05
9285253,2024-09-29,843.72
9285253,2024-10-06,770.54
9285253,2024-10-13,742.12
9285253,2024-10-20,760.72
9285253,2024-10-27,737.31
9285253,2024-11-03,657.84
9285253,2024-11-10,622.09
9285253,2024-11-17,619.7
9285253,2024-11-24,639.0
84442653,2024-09-08,797.19
84442653,2024-09-15,799.92
84442653,2024-09-22,804.86
84442653,2024-09-29,803.51
84442653,2024-10-06,802.95
84442653,2024-10-13,786.87
84442653,2024-10-20,733.89
84442653,2024-10-27,744.49
84442653,2024-11-03,705.82
84442653,2024-11-10,703.59
84442653,2024-11-17,694.08
84442653,2024-11-24,678.07
148989880,2024-09-08,478.97
148989880,2024-09-15,500.64
148989880,2024-09-22,497.4
148989880,2024-09-29,474.63
148989880,2024-10-06,475.75
148989880,2024-10-13,482.41
148989880,2024-10-20,483.26
148989880,2024-10-27,472.71
148989880,2024-11-03,446.99
148989880,2024-11-10,429.44
148989880,2024-11-17,428.62
148989880,2024-11-24,424.82
160001994,2024-09-08,6723.37
160001994,2024-09-15,6333.55
160001994,2024-09-22,6392.12
160001994,2024-09-29,6412.75
160001994,2024-10-06,6467.56
160001994,2024-10-13,6354.74
160001994,2024-10-20,6290.43
160001994,2024-10-27,6132.32
160001994,2024-11-03,6230.69
160001994,2024-11-10,6290.89
160001994,2024-11-17,6369.07
160001994,2024-11-24,6361.51
165850462,2024-09-08,2713.87
165850462,2024-09-15,2521.88
165850462,2024-09-22,2416.45
165850462,2024-09-29,2097.23
165850462,2024-10-06,2055.59
165850462,2024-10-13,2069.27
165850462,2024-10-20,1860.06
165850462,2024-10-27,1783.65
165850462,2024-11-03,1787.75
165850462,2024-11-10,1717.3
165850462,2024-11-17,1781.37
165850462,2024-11-24,2067.21
152666132,2024-09-08,453.07
152666132,2024-09-15,433.3
152666132,2024-09-22,449.23
152666132,2024-09-29,463.31
152666132,2024-10-06,465.16
152666132,2024-10-13,409.14
152666132,2024-10-20,396.22
152666132,2024-10-27,387.86
152666132,2024-11-03,382.64
152666132,2024-11-10,382.25
152666132,2024-11-17,380.17
152666132,2024-11-24,390.85
153738788,2024-09-08,1835.3
153738788,2024-09-15,1639.98
153738788,2024-09-22,1614.78
153738788,2024-09-29,1589.8
153738788,2024-10-06,1831.78
153738788,2024-10-13,1970.77
153738788,2024-10-20,1729.91
153738788,2024-10-27,1563.18
153738788,2024-11-03,1519.34
153738788,2024-11-10,1516.95
153738788,2024-11-17,1508.94
153738788,2024-11-24,1537.08
225694983,2024-09-08,486.64
225694983,2024-09-15,504.72
225694983,2024-09-22,507.27
225694983,2024-09-29,505.53
225694983,2024-10-06,506.79
225694983,2024-10-13,487.1
225694983,2024-10-20,473.47
225694983,2024-10-27,475.09
225694983,2024-11-03,453.34
225694983,2024-11-10,420.37
225694983,2024-11-17,433.08
225694983,2024-11-24,437.36
85627927,2024-09-08,264.24
85627927,2024-09-15,277.88
85627927,2024-09-22,285.19
85627927,2024-09-29,287.13
85627927,2024-10-06,287.66
85627927,2024-10-13,278.18
85627927,2024-10-20,266.22
85627927,2024-10-27,265.55
85627927,2024-11-03,261.5
85627927,2024-11-10,257.5
85627927,2024-11-17,256.63
85627927,2024-11-24,256.01
13458176,2024-09-08,487.19
13458176,2024-09-15,472.19
13458176,2024-09-22,521.7
13458176,2024-09-29,520.02
13458176,2024-10-06,517.44
13458176,2024-10-13,514.26
13458176,2024-10-20,531.23
13458176,2024-10-27,531.01
13458176,2024-11-03,484.15
13458176,2024-11-10,440.98
13458176,2024-11-17,424.52
13458176,2024-11-24,421.92
14559288,2024-09-08,314.41
14559288,2024-09-15,313.42
14559288,2024-09-22,332.68
14559288,2024-09-29,355.12
14559288,2024-10-06,350.48
14559288,2024-10-13,341.15
14559288,2024-10-20,332.47
14559288,2024-10-27,323.68
14559288,2024-11-03,329.5
14559288,2024-11-10,322.08
14559288,2024-11-17,345.9
14559288,2024-11-24,351.95
91146572,2024-09-08,250.99
91146572,2024-09-15,249.97
91146572,2024-09-22,249.65
91146572,2024-09-29,258.32
91146572,2024-10-06,267.02
91146572,2024-10-13,265.51
91146572,2024-10-20,256.13
91146572,2024-10-27,259.76
91146572,2024-11-03,253.66
91146572,2024-11-10,246.62
91146572,2024-11-17,247.89
91146572,2024-11-24,259.25
253610698,2024-10-06,653.95
253610698,2024-10-13,604.06
253610698,2024-10-20,588.29
253610698,2024-10-27,584.91
253610698,2024-11-03,522.6
253610698,2024-11-10,496.58
253610698,2024-11-17,486.84
253610698,2024-11-24,486.57
137867364,2024-09-08,444.76
137867364,2024-09-15,434.29
137867364,2024-09-22,449.06
137867364,2024-09-29,448.66
137867364,2024-10-06,437.89
137867364,2024-10-13,414.02
137867364,2024-10-20,391.26
137867364,2024-10-27,380.76
137867364,2024-11-03,382.25
137867364,2024-11-10,382.64
137867364,2024-11-17,378.49
137867364,2024-11-24,375.47
209663700,2024-09-08,7439.48
209663700,2024-09-15,7372.99
209663700,2024-09-22,7352.54
209663700,2024-09-29,7164.95
209663700,2024-10-06,7125.3
209663700,2024-10-13,6752.23
209663700,2024-10-20,6643.76
209663700,2024-10-27,6776.74
209663700,2024-11-03,7147.39
209663700,2024-11-10,7188.88
209663700,2024-11-17,7080.87
209663700,2024-11-24,7124.23
180328775,2024-09-08,335.56
180328775,2024-09-15,337.58
180328775,2024-09-22,343.25
180328775,2024-09-29,345.45
180328775,2024-10-06,363.35
180328775,2024-10-13,363.16
180328775,2024-10-20,356.76
180328775,2024-10-27,356.09
180328775,2024-11-03,336.69
180328775,2024-11-10,351.54
180328775,2024-11-17,354.0
180328775,2024-11-24,335.65
252739617,2024-09-08,2941.5
252739617,2024-09-15,2929.06
252739617,2024-09-22,2868.72
252739617,2024-09-29,2792.66
252739617,2024-10-06,2790.65
252739617,2024-10-13,2834.27
252739617,2024-10-20,2759.37
252739617,2024-10-27,2760.65
252739617,2024-11-03,2732.52
252739617,2024-11-10,2691.1
252739617,2024-11-17,2680.73
252739617,2024-11-24,2700.69
150000713,2024-09-08,382.15
150000713,2024-09-15,381.44
150000713,2024-09-22,388.45
150000713,2024-09-29,389.7
150000713,2024-10-06,395.15
150000713,2024-10-13,398.88
150000713,2024-10-20,387.06
150000713,2024-10-27,381.47
150000713,2024-11-03,366.58
150000713,2024-11-10,356.89
150000713,2024-11-17,354.88
150000713,2024-11-24,364.33
189188896,2024-09-08,958.35
189188896,2024-09-15,978.49
189188896,2024-09-22,961.22
189188896,2024-09-29,935.18
189188896,2024-10-06,904.53
189188896,2024-10-13,866.91
189188896,2024-10-20,845.02
189188896,2024-10-27,801.07
189188896,2024-11-03,769.35
189188896,2024-11-10,754.15
189188896,2024-11-17,743.94
189188896,2024-11-24,826.99
12801489,2024-09-08,409.83
12801489,2024-09-15,393.96
12801489,2024-09-22,426.14
12801489,2024-09-29,426.4
12801489,2024-10-06,421.09
12801489,2024-10-13,422.36
12801489,2024-10-20,447.15
12801489,2024-10-27,451.0
12801489,2024-11-03,397.69
12801489,2024-11-10,366.59
12801489,2024-11-17,358.69
12801489,2024-11-24,358.67
63827491,2024-09-08,291.58
63827491,2024-09-15,297.88
63827491,2024-09-22,298.75
63827491,2024-09-29,295.24
63827491,2024-10-06,300.64
63827491,2024-10-13,293.52
63827491,2024-10-20,280.46
63827491,2024-10-27,279.42
63827491,2024-11-03,273.74
63827491,2024-11-10,270.42
63827491,2024-11-17,268.78
63827491,2024-11-24,264.41
173289901,2024-09-08,132.07
173289901,2024-09-15,132.06
173289901,2024-09-22,134.54
173289901,2024-09-29,139.39
173289901,2024-10-06,140.59
173289901,2024-10-13,142.97
173289901,2024-10-20,134.77
173289901,2024-10-27,132.36
173289901,2024-11-03,133.94
173289901,2024-11-10,136.87
173289901,2024-11-17,137.08
173289901,2024-11-24,136.86
215708702,2024-09-08,327.52
215708702,2024-09-15,327.92
215708702,2024-09-22,329.36
215708702,2024-09-29,332.52
215708702,2024-10-06,345.79
215708702,2024-10-13,348.33
215708702,2024-10-20,333.35
215708702,2024-10-27,321.86
215708702,2024-11-03,325.58
215708702,2024-11-10,303.98
215708702,2024-11-17,306.79
215708702,2024-11-24,309.72
160003879,2024-09-08,9586.84
160003879,2024-09-15,9109.68
160003879,2024-09-22,9276.43
160003879,2024-09-29,9320.91
160003879,2024-10-06,9384.0
160003879,2024-10-13,9163.31
160003879,2024-10-20,9110.7
160003879,2024-10-27,8867.17
160003879,2024-11-03,9002.14
160003879,2024-11-10,9033.82
160003879,2024-11-17,8914.97
160003879,2024-11-24,8949.27
156766044,2024-09-08,439.46
156766044,2024-09-15,468.09
156766044,2024-09-22,463.26
156766044,2024-09-29,452.45
156766044,2024-10-06,469.9
156766044,2024-10-13,467.09
156766044,2024-10-20,475.6
156766044,2024-10-27,457.72
156766044,2024-11-03,391.36
156766044,2024-11-10,381.25
156766044,2024-11-17,375.48
156766044,2024-11-24,390.88
244416663,2024-09-08,527.91
244416663,2024-09-15,423.92
244416663,2024-09-22,441.74
244416663,2024-09-29,414.19
244416663,2024-10-06,441.5
244416663,2024-10-13,486.88
244416663,2024-10-20,489.1
244416663,2024-10-27,480.65
244416663,2024-11-03,477.72
244416663,2024-11-10,468.49
244416663,2024-11-17,491.97
244416663,2024-11-24,491.93
126793555,2024-09-08,1625.62
126793555,2024-09-15,1827.73
126793555,2024-09-22,1983.61
126793555,2024-09-29,2019.22
126793555,2024-10-06,1951.3
126793555,2024-10-13,1901.25
126793555,2024-10-20,2013.1
126793555,2024-10-27,2125.82
126793555,2024-11-03,1897.13
126793555,2024-11-10,1813.73
126793555,2024-11-17,1796.89
126793555,2024-11-24,1759.61
14775947,2024-09-08,266.95
14775947,2024-09-15,274.09
14775947,2024-09-22,277.66
14775947,2024-09-29,287.41
14775947,2024-10-06,293.66
14775947,2024-10-13,294.94
14775947,2024-10-20,292.62
14775947,2024-10-27,287.81
14775947,2024-11-03,285.47
14775947,2024-11-10,283.65
14775947,2024-11-17,280.03
14775947,2024-11-24,268.49
138785478,2024-09-08,284.88
138785478,2024-09-15,240.23
138785478,2024-09-22,208.28
138785478,2024-09-29,201.39
138785478,2024-10-06,201.03
138785478,2024-10-13,200.95
138785478,2024-10-20,199.2
138785478,2024-10-27,199.37
138785478,2024-11-03,197.88
138785478,2024-11-10,195.71
138785478,2024-11-17,198.69
138785478,2024-11-24,209.53
61653991,2024-09-08,395.16
61653991,2024-09-15,393.81
61653991,2024-09-22,400.32
61653991,2024-09-29,400.31
61653991,2024-10-06,409.37
61653991,2024-10-13,458.97
61653991,2024-10-20,467.08
61653991,2024-10-27,437.23
61653991,2024-11-03,375.38
61653991,2024-11-10,357.76
61653991,2024-11-17,349.52
61653991,2024-11-24,349.2
21617569,2024-09-08,148.82
21617569,2024-09-15,148.94
21617569,2024-09-22,148.26
21617569,2024-09-29,148.61
21617569,2024-10-06,149.27
21617569,2024-10-13,149.47
21617569,2024-10-20,147.75
21617569,2024-10-27,148.18
21617569,2024-11-03,148.87
21617569,2024-11-10,144.51
21617569,2024-11-17,143.77
21617569,2024-11-24,147.61
167259071,2024-09-08,357.97
167259071,2024-09-15,284.14
167259071,2024-09-22,282.56
167259071,2024-09-29,284.01
167259071,2024-10-06,299.79
167259071,2024-10-13,290.81
167259071,2024-10-20,279.56
167259071,2024-10-27,288.07
167259071,2024-11-03,272.55
167259071,2024-11-10,265.13
167259071,2024-11-17,264.37
167259071,2024-11-24,273.42
13788732,2024-09-08,422.89
13788732,2024-09-15,414.84
13788732,2024-09-22,400.19
13788732,2024-09-29,397.62
13788732,2024-10-06,391.12
13788732,2024-10-13,370.92
13788732,2024-10-20,362.59
13788732,2024-10-27,376.82
13788732,2024-11-03,367.54
13788732,2024-11-10,363.0
13788732,2024-11-17,384.66
13788732,2024-11-24,372.67
116432608,2024-09-08,2612.53
116432608,2024-09-15,2545.46
116432608,2024-09-22,2449.69
116432608,2024-09-29,2500.49
116432608,2024-10-06,2604.38
116432608,2024-10-13,2612.48
116432608,2024-10-20,2441.11
116432608,2024-10-27,2396.22
116432608,2024-11-03,2336.2
116432608,2024-11-10,2277.47
116432608,2024-11-17,2268.74
116432608,2024-11-24,2329.52
187488494,2024-09-08,1305.24
187488494,2024-09-15,1318.33
187488494,2024-09-22,1330.2
187488494,2024-09-29,1284.98
187488494,2024-10-06,1260.77
187488494,2024-10-13,1277.69
187488494,2024-10-20,1202.9
187488494,2024-10-27,1241.86
187488494,2024-11-03,1227.02
187488494,2024-11-10,1211.7
187488494,2024-11-17,1206.33
187488494,2024-11-24,1214.52
165746040,2024-09-08,500.03
165746040,2024-09-15,483.59
165746040,2024-09-22,584.61
165746040,2024-09-29,602.74
165746040,2024-10-06,608.14
165746040,2024-10-13,562.88
165746040,2024-10-20,534.43
165746040,2024-10-27,537.06
165746040,2024-11-03,503.09
165746040,2024-11-10,494.45
165746040,2024-11-17,495.11
165746040,2024-11-24,543.81
156376245,2024-09-08,356.06
156376245,2024-09-15,359.15
156376245,2024-09-22,337.58
156376245,2024-09-29,339.88
156376245,2024-10-06,351.23
156376245,2024-10-13,361.46
156376245,2024-10-20,350.86
156376245,2024-10-27,354.11
156376245,2024-11-03,344.73
156376245,2024-11-10,333.41
156376245,2024-11-17,322.66
156376245,2024-11-24,321.54
76280452,2024-09-08,406.8
76280452,2024-09-15,400.77
76280452,2024-09-22,393.16
76280452,2024-09-29,398.35
76280452,2024-10-06,393.09
76280452,2024-10-13,367.24
76280452,2024-10-20,351.93
76280452,2024-10-27,351.42
76280452,2024-11-03,354.79
76280452,2024-11-10,356.15
76280452,2024-11-17,355.18
76280452,2024-11-24,333.19
57224744,2024-09-08,584.51
57224744,2024-09-15,583.25
57224744,2024-09-22,605.93
57224744,2024-09-29,589.99
57224744,2024-10-06,580.6
57224744,2024-10-13,558.3
57224744,2024-10-20,561.43
57224744,2024-10-27,599.7
57224744,2024-11-03,518.95
57224744,2024-11-10,492.79
57224744,2024-11-17,497.0
57224744,2024-11-24,534.96
123323052,2024-09-08,800.61
123323052,2024-09-15,812.31
123323052,2024-09-22,827.73
123323052,2024-09-29,852.95
123323052,2024-10-06,856.53
123323052,2024-10-13,852.64
123323052,2024-10-20,854.86
123323052,2024-10-27,785.0
123323052,2024-11-03,676.93
123323052,2024-11-10,658.07
123323052,2024-11-17,668.29
123323052,2024-11-24,698.62
155402079,2024-09-08,473.09
155402079,2024-09-15,488.77
155402079,2024-09-22,507.56
155402079,2024-09-29,513.84
155402079,2024-10-06,520.29
155402079,2024-10-13,518.61
155402079,2024-10-20,516.49
155402079,2024-10-27,521.13
155402079,2024-11-03,471.62
155402079,2024-11-10,441.77
155402079,2024-11-17,393.36
155402079,2024-11-24,373.47
16340348,2024-09-08,473.93
16340348,2024-09-15,470.41
16340348,2024-09-22,473.43
16340348,2024-09-29,473.07
16340348,2024-10-06,463.45
16340348,2024-10-13,445.61
16340348,2024-10-20,434.32
16340348,2024-10-27,438.1
16340348,2024-11-03,410.14
16340348,2024-11-10,398.92
16340348,2024-11-17,392.99
16340348,2024-11-24,400.7
189364747,2024-09-08,402.25
189364747,2024-09-15,410.31
189364747,2024-09-22,420.83
189364747,2024-09-29,427.0
189364747,2024-10-06,424.75
189364747,2024-10-13,399.09
189364747,2024-10-20,394.61
189364747,2024-10-27,387.81
189364747,2024-11-03,382.4
189364747,2024-11-10,382.13
189364747,2024-11-17,375.04
189364747,2024-11-24,370.69
211586677,2024-09-08,1590.29
211586677,2024-09-15,1600.65
211586677,2024-09-22,1606.82
211586677,2024-09-29,1610.67
211586677,2024-10-06,1627.45
211586677,2024-10-13,1631.25
211586677,2024-10-20,1648.84
211586677,2024-10-27,1565.03
211586677,2024-11-03,1459.93
211586677,2024-11-10,1426.28
211586677,2024-11-17,1427.86
211586677,2024-11-24,1433.15
238570792,2024-09-15,441.38
238570792,2024-09-22,450.31
238570792,2024-09-29,451.11
238570792,2024-10-06,451.12
238570792,2024-10-13,441.9
238570792,2024-10-20,440.32
238570792,2024-10-27,433.76
238570792,2024-11-03,400.73
238570792,2024-11-10,382.72
238570792,2024-11-17,376.69
238570792,2024-11-24,378.06
230313690,2024-09-08,3230.35
230313690,2024-09-15,3230.07
230313690,2024-09-22,3213.05
230313690,2024-09-29,3238.84
230313690,2024-10-06,3244.68
230313690,2024-10-13,3241.66
230313690,2024-10-20,3038.77
230313690,2024-10-27,3062.1
230313690,2024-11-03,2869.79
230313690,2024-11-10,2781.3
230313690,2024-11-17,2799.22
230313690,2024-11-24,3017.46
265935131,2024-10-13,1926.0
265935131,2024-10-20,1566.1
265935131,2024-10-27,1259.84
265935131,2024-11-03,1294.25
265935131,2024-11-10,1290.7
265935131,2024-11-17,1281.7
265935131,2024-11-24,1262.19
214470549,2024-09-08,2316.47
214470549,2024-09-15,2303.48
214470549,2024-09-22,2213.7
214470549,2024-09-29,2195.78
214470549,2024-10-06,2206.59
214470549,2024-10-13,2137.58
214470549,2024-10-20,2109.46
214470549,2024-10-27,2255.73
214470549,2024-11-03,2145.61
214470549,2024-11-10,2080.73
214470549,2024-11-17,2095.52
214470549,2024-11-24,2131.96
191189110,2024-09-08,570.65
191189110,2024-09-15,594.21
191189110,2024-09-22,602.16
191189110,2024-09-29,603.24
191189110,2024-10-06,602.04
191189110,2024-10-13,580.95
191189110,2024-10-20,558.83
191189110,2024-10-27,552.55
191189110,2024-11-03,533.08
191189110,2024-11-10,530.37
191189110,2024-11-17,524.69
191189110,2024-11-24,527.74
137582554,2024-09-08,761.23
137582554,2024-09-15,731.36
137582554,2024-09-22,706.27
137582554,2024-09-29,697.07
137582554,2024-10-06,687.86
137582554,2024-10-13,713.67
137582554,2024-10-20,714.62
137582554,2024-10-27,715.23
137582554,2024-11-03,662.1
137582554,2024-11-10,652.25
137582554,2024-11-17,684.66
137582554,2024-11-24,668.39
70520736,2024-09-08,1241.27
70520736,2024-09-15,1203.88
70520736,2024-09-22,1195.79
70520736,2024-09-29,1238.75
70520736,2024-10-06,1267.17
70520736,2024-10-13,1254.47
70520736,2024-10-20,1140.08
70520736,2024-10-27,1120.2
70520736,2024-11-03,1076.21
70520736,2024-11-10,993.97
70520736,2024-11-17,959.59
70520736,2024-11-24,971.53
12073017,2024-09-08,418.45
12073017,2024-09-15,433.17
12073017,2024-09-22,414.35
12073017,2024-09-29,408.8
12073017,2024-10-06,418.64
12073017,2024-10-13,397.58
12073017,2024-10-20,384.68
12073017,2024-10-27,376.01
12073017,2024-11-03,376.81
12073017,2024-11-10,373.47
12073017,2024-11-17,367.33
12073017,2024-11-24,362.34
204577998,2024-09-08,1383.72
204577998,2024-09-15,1506.05
204577998,2024-09-22,1523.99
204577998,2024-09-29,1507.93
204577998,2024-10-06,1504.18
204577998,2024-10-13,1431.73
204577998,2024-10-20,1388.11
204577998,2024-10-27,1389.42
204577998,2024-11-03,1321.84
204577998,2024-11-10,1274.57
204577998,2024-11-17,1267.09
204577998,2024-11-24,1309.54
9391510,2024-09-08,394.25
9391510,2024-09-15,398.26
9391510,2024-09-22,405.46
9391510,2024-09-29,395.79
9391510,2024-10-06,426.68
9391510,2024-10-13,493.17
9391510,2024-10-20,484.85
9391510,2024-10-27,498.21
9391510,2024-11-03,558.88
9391510,2024-11-10,479.07
9391510,2024-11-17,468.18
9391510,2024-11-24,467.71
166333459,2024-09-08,1095.62
166333459,2024-09-15,1096.38
166333459,2024-09-22,1126.22
166333459,2024-09-29,1237.61
166333459,2024-10-06,1366.74
166333459,2024-10-13,1379.01
166333459,2024-10-20,1306.72
166333459,2024-10-27,1224.13
166333459,2024-11-03,1005.88
166333459,2024-11-10,941.6
166333459,2024-11-17,1017.37
166333459,2024-11-24,1000.88
174999522,2024-09-08,343.1
174999522,2024-09-15,346.2
174999522,2024-09-22,364.97
174999522,2024-09-29,382.53
174999522,2024-10-06,439.34
174999522,2024-10-13,438.38
174999522,2024-10-20,364.36
174999522,2024-10-27,360.81
174999522,2024-11-03,363.47
174999522,2024-11-10,354.71
174999522,2024-11-17,358.49
174999522,2024-11-24,355.86
110572701,2024-09-08,411.11
110572701,2024-09-15,476.81
110572701,2024-09-22,422.19
110572701,2024-09-29,421.26
110572701,2024-10-06,493.24
110572701,2024-10-13,468.92
110572701,2024-10-20,440.65
110572701,2024-10-27,460.58
110572701,2024-11-03,333.12
110572701,2024-11-10,326.04
110572701,2024-11-17,390.43
110572701,2024-11-24,407.87
97993331,2024-09-08,397.39
97993331,2024-09-15,404.99
97993331,2024-09-22,404.64
97993331,2024-09-29,394.66
97993331,2024-10-06,387.31
97993331,2024-10-13,398.16
97993331,2024-10-20,376.94
97993331,2024-10-27,380.84
97993331,2024-11-03,383.93
97993331,2024-11-10,363.16
97993331,2024-11-17,363.08
97993331,2024-11-24,365.23
18327889,2024-09-08,575.89
18327889,2024-09-15,632.46
18327889,2024-09-22,677.52
18327889,2024-09-29,688.3
18327889,2024-10-06,686.55
18327889,2024-10-13,637.52
18327889,2024-10-20,622.98
18327889,2024-10-27,639.35
18327889,2024-11-03,585.73
18327889,2024-11-10,617.99
18327889,2024-11-17,756.51
18327889,2024-11-24,658.83
176578977,2024-09-08,1397.55
176578977,2024-09-15,1369.82
176578977,2024-09-22,1366.49
176578977,2024-09-29,1360.49
176578977,2024-10-06,1369.55
176578977,2024-10-13,1352.87
176578977,2024-10-20,1266.81
176578977,2024-10-27,1305.82
176578977,2024-11-03,1320.38
176578977,2024-11-10,1288.86
176578977,2024-11-17,1301.6
176578977,2024-11-24,1346.12
36549557,2024-09-08,731.56
36549557,2024-09-15,752.66
36549557,2024-09-22,772.91
36549557,2024-09-29,765.38
36549557,2024-10-06,765.57
36549557,2024-10-13,788.08
36549557,2024-10-20,784.71
36549557,2024-10-27,781.98
36549557,2024-11-03,744.64
36549557,2024-11-10,703.98
36549557,2024-11-17,694.41
36549557,2024-11-24,695.51
30426502,2024-09-08,253.88
30426502,2024-09-15,283.91
30426502,2024-09-22,291.36
30426502,2024-09-29,291.8
30426502,2024-10-06,291.92
30426502,2024-10-13,291.86
30426502,2024-10-20,290.49
30426502,2024-10-27,290.04
30426502,2024-11-03,275.57
30426502,2024-11-10,250.48
30426502,2024-11-17,246.2
30426502,2024-11-24,246.01
197251273,2024-09-08,517.49
197251273,2024-09-15,523.51
197251273,2024-09-22,542.41
197251273,2024-09-29,555.62
197251273,2024-10-06,564.96
197251273,2024-10-13,565.04
197251273,2024-10-20,568.24
197251273,2024-10-27,565.5
197251273,2024-11-03,492.42
197251273,2024-11-10,466.14
197251273,2024-11-17,459.54
197251273,2024-11-24,461.57
32579202,2024-09-08,361.63
32579202,2024-09-15,377.69
32579202,2024-09-22,392.1
32579202,2024-09-29,390.99
32579202,2024-10-06,406.07
32579202,2024-10-13,407.36
32579202,2024-10-20,404.91
32579202,2024-10-27,403.81
32579202,2024-11-03,356.01
32579202,2024-11-10,357.41
32579202,2024-11-17,378.08
32579202,2024-11-24,380.13
26450883,2024-09-08,423.81
26450883,2024-09-15,382.92
26450883,2024-09-22,376.87
26450883,2024-09-29,375.32
26450883,2024-10-06,369.94
26450883,2024-10-13,367.96
26450883,2024-10-20,349.95
26450883,2024-10-27,347.15
26450883,2024-11-03,345.86
26450883,2024-11-10,335.17
26450883,2024-11-17,336.4
26450883,2024-11-24,352.94
210895313,2024-09-08,299.74
210895313,2024-09-15,299.43
210895313,2024-09-22,300.65
210895313,2024-09-29,298.07
210895313,2024-10-06,300.94
210895313,2024-10-13,292.3
210895313,2024-10-20,279.92
210895313,2024-10-27,279.38
210895313,2024-11-03,272.56
210895313,2024-11-10,267.32
210895313,2024-11-17,266.95
210895313,2024-11-24,267.06
210004411,2024-09-08,1442.8
210004411,2024-09-15,1455.47
210004411,2024-09-22,1434.59
210004411,2024-09-29,1380.93
210004411,2024-10-06,1315.41
210004411,2024-10-13,1239.81
210004411,2024-10-20,1201.8
210004411,2024-10-27,1160.22
210004411,2024-11-03,1114.33
210004411,2024-11-10,1092.49
210004411,2024-11-17,1088.22
210004411,2024-11-24,1111.97
203529043,2024-09-08,1254.79
203529043,2024-09-15,1193.29
203529043,2024-09-22,1243.25
203529043,2024-09-29,1230.42
203529043,2024-10-06,1300.42
203529043,2024-10-13,1225.13
203529043,2024-10-20,1175.54
203529043,2024-10-27,1201.78
203529043,2024-11-03,948.54
203529043,2024-11-10,884.15
203529043,2024-11-17,872.41
203529043,2024-11-24,872.56
197822929,2024-09-08,907.42
197822929,2024-09-15,921.88
197822929,2024-09-22,898.84
197822929,2024-09-29,922.58
197822929,2024-10-06,903.41
197822929,2024-10-13,891.05
197822929,2024-10-20,859.67
197822929,2024-10-27,867.8
197822929,2024-11-03,823.95
197822929,2024-11-10,911.92
197822929,2024-11-17,861.2
197822929,2024-11-24,817.52
214119642,2024-09-08,5786.71
214119642,2024-09-15,5662.01
214119642,2024-09-22,5636.16
214119642,2024-09-29,5689.33
214119642,2024-10-06,5831.06
214119642,2024-10-13,5692.44
214119642,2024-10-20,5501.91
214119642,2024-10-27,5490.82
214119642,2024-11-03,5376.23
214119642,2024-11-10,5362.32
214119642,2024-11-17,5322.14
214119642,2024-11-24,5338.32
259351088,2024-09-15,407.1
259351088,2024-09-22,374.85
259351088,2024-09-29,402.73
259351088,2024-10-06,427.25
259351088,2024-10-13,393.15
259351088,2024-10-20,381.85
259351088,2024-10-27,384.44
259351088,2024-11-03,368.04
259351088,2024-11-10,375.61
259351088,2024-11-17,389.35
259351088,2024-11-24,392.55
12771258,2024-09-08,435.08
12771258,2024-09-15,429.79
12771258,2024-09-22,436.03
12771258,2024-09-29,403.16
12771258,2024-10-06,406.17
12771258,2024-10-13,403.65
12771258,2024-10-20,390.52
12771258,2024-10-27,387.69
12771258,2024-11-03,368.75
12771258,2024-11-10,362.47
12771258,2024-11-17,358.93
12771258,2024-11-24,360.99
45087070,2024-09-08,1631.83
45087070,2024-09-15,1793.77
45087070,2024-09-22,1580.08
45087070,2024-09-29,1653.48
45087070,2024-10-06,1708.73
45087070,2024-10-13,1678.52
45087070,2024-10-20,1887.11
45087070,2024-10-27,2025.86
45087070,2024-11-03,1874.93
45087070,2024-11-10,1820.41
45087070,2024-11-17,1776.72
45087070,2024-11-24,1778.42
191406200,2024-09-08,436.05
191406200,2024-09-15,446.41
191406200,2024-09-22,457.76
191406200,2024-09-29,463.66
191406200,2024-10-06,471.0
191406200,2024-10-13,429.46
191406200,2024-10-20,405.83
191406200,2024-10-27,407.46
191406200,2024-11-03,396.09
191406200,2024-11-10,394.7
191406200,2024-11-17,391.85
191406200,2024-11-24,394.62
237807565,2024-09-08,10086.99
237807565,2024-09-15,10124.21
237807565,2024-09-22,10105.0
237807565,2024-09-29,10267.69
237807565,2024-10-06,10378.84
237807565,2024-10-13,9886.41
237807565,2024-10-20,9625.61
237807565,2024-10-27,9889.86
237807565,2024-11-03,9110.69
237807565,2024-11-10,8972.62
237807565,2024-11-17,9043.15
237807565,2024-11-24,9675.45
178821922,2024-09-08,588.71
178821922,2024-09-15,556.31
178821922,2024-09-22,591.66
178821922,2024-09-29,559.66
178821922,2024-10-06,542.03
178821922,2024-10-13,514.89
178821922,2024-10-20,512.23
178821922,2024-10-27,522.22
178821922,2024-11-03,518.94
178821922,2024-11-10,520.39
178821922,2024-11-17,511.51
178821922,2024-11-24,509.95
147274738,2024-09-08,199.56
147274738,2024-09-15,182.46
147274738,2024-09-22,194.4
147274738,2024-09-29,198.31
147274738,2024-10-06,206.15
147274738,2024-10-13,205.82
147274738,2024-10-20,205.57
147274738,2024-10-27,205.51
147274738,2024-11-03,203.66
147274738,2024-11-10,199.44
147274738,2024-11-17,196.12
147274738,2024-11-24,198.7
75912834,2024-09-08,700.7
75912834,2024-09-15,720.72
75912834,2024-09-22,762.86
75912834,2024-09-29,791.27
75912834,2024-10-06,804.46
75912834,2024-10-13,750.33
75912834,2024-10-20,750.79
75912834,2024-10-27,751.55
75912834,2024-11-03,728.97
75912834,2024-11-10,693.13
75912834,2024-11-17,685.18
75912834,2024-11-24,689.23
164739623,2024-09-08,1232.15
164739623,2024-09-15,1191.97
164739623,2024-09-22,1192.92
164739623,2024-09-29,1207.29
164739623,2024-10-06,1191.38
164739623,2024-10-13,1186.48
164739623,2024-10-20,1180.69
164739623,2024-10-27,1178.91
164739623,2024-11-03,1130.17
164739623,2024-11-10,1091.62
164739623,2024-11-17,1077.3
164739623,2024-11-24,1081.58
209777779,2024-09-08,563.6
209777779,2024-09-15,592.75
209777779,2024-09-22,606.1
209777779,2024-09-29,624.61
209777779,2024-10-06,650.42
209777779,2024-10-13,628.06
209777779,2024-10-20,611.23
209777779,2024-10-27,585.88
209777779,2024-11-03,505.69
209777779,2024-11-10,501.6
209777779,2024-11-17,512.97
209777779,2024-11-24,510.44
171118001,2024-09-08,490.12
171118001,2024-09-15,517.2
171118001,2024-09-22,512.53
171118001,2024-09-29,507.78
171118001,2024-10-06,507.12
171118001,2024-10-13,484.7
171118001,2024-10-20,476.1
171118001,2024-10-27,458.63
171118001,2024-11-03,453.71
171118001,2024-11-10,450.54
171118001,2024-11-17,452.84
171118001,2024-11-24,466.03
14007929,2024-09-08,188.9
14007929,2024-09-15,185.93
14007929,2024-09-22,192.51
14007929,2024-09-29,192.5
14007929,2024-10-06,189.32
14007929,2024-10-13,188.26
14007929,2024-10-20,186.48
14007929,2024-10-27,189.11
14007929,2024-11-03,183.77
14007929,2024-11-10,180.7
14007929,2024-11-17,179.82
14007929,2024-11-24,172.32
41265132,2024-09-08,474.45
41265132,2024-09-15,475.26
41265132,2024-09-22,484.47
41265132,2024-09-29,487.15
41265132,2024-10-06,490.59
41265132,2024-10-13,482.28
41265132,2024-10-20,479.58
41265132,2024-10-27,477.94
41265132,2024-11-03,478.66
41265132,2024-11-10,483.09
41265132,2024-11-17,480.07
41265132,2024-11-24,480.6
230387875,2024-09-08,132.22
230387875,2024-09-15,138.65
230387875,2024-09-22,158.75
230387875,2024-09-29,165.35
230387875,2024-10-06,171.39
230387875,2024-10-13,174.62
230387875,2024-10-20,167.64
230387875,2024-10-27,168.92
230387875,2024-11-03,169.77
230387875,2024-11-10,170.22
230387875,2024-11-17,170.24
230387875,2024-11-24,170.14
111108943,2024-09-08,156.37
111108943,2024-09-15,156.94
111108943,2024-09-22,159.69
111108943,2024-09-29,158.91
111108943,2024-10-06,158.18
111108943,2024-10-13,158.4
111108943,2024-10-20,157.84
111108943,2024-10-27,155.09
111108943,2024-11-03,149.69
111108943,2024-11-10,142.22
111108943,2024-11-17,140.64
111108943,2024-11-24,140.45
6898953,2024-09-08,776.46
6898953,2024-09-15,742.86
6898953,2024-09-22,751.4
6898953,2024-09-29,749.86
6898953,2024-10-06,767.84
6898953,2024-10-13,825.28
6898953,2024-10-20,826.01
6898953,2024-10-27,821.06
6898953,2024-11-03,743.36
6898953,2024-11-10,718.2
6898953,2024-11-17,711.41
6898953,2024-11-24,712.5
18364130,2024-09-08,326.81
18364130,2024-09-15,341.82
18364130,2024-09-22,358.99
18364130,2024-09-29,368.16
18364130,2024-10-06,400.86
18364130,2024-10-13,457.03
18364130,2024-10-20,491.26
18364130,2024-10-27,480.63
18364130,2024-11-03,487.6
18364130,2024-11-10,458.24
18364130,2024-11-17,440.53
18364130,2024-11-24,438.1
258789245,2024-09-15,2289.83
258789245,2024-09-22,2061.23
258789245,2024-09-29,1716.31
258789245,2024-10-06,1579.18
258789245,2024-10-13,1510.11
258789245,2024-10-20,1358.79
258789245,2024-10-27,1203.38
258789245,2024-11-03,1117.41
258789245,2024-11-10,1099.17
258789245,2024-11-17,1114.96
258789245,2024-11-24,1122.73
206299646,2024-09-08,284.73
206299646,2024-09-15,295.14
206299646,2024-09-22,298.12
206299646,2024-09-29,294.67
206299646,2024-10-06,299.51
206299646,2024-10-13,292.64
206299646,2024-10-20,280.06
206299646,2024-10-27,279.05
206299646,2024-11-03,270.45
206299646,2024-11-10,264.93
206299646,2024-11-17,263.76
206299646,2024-11-24,259.51
222461188,2024-09-08,354.05
222461188,2024-09-15,354.97
222461188,2024-09-22,361.81
222461188,2024-09-29,373.64
222461188,2024-10-06,379.07
222461188,2024-10-13,384.59
222461188,2024-10-20,390.1
222461188,2024-10-27,361.78
222461188,2024-11-03,346.91
222461188,2024-11-10,333.56
222461188,2024-11-17,332.04
222461188,2024-11-24,342.32
242621052,2024-09-08,1018.0
242621052,2024-09-15,824.11
242621052,2024-09-22,765.43
242621052,2024-09-29,808.53
242621052,2024-10-06,815.01
242621052,2024-10-13,805.58
242621052,2024-10-20,787.4
242621052,2024-10-27,770.05
242621052,2024-11-03,720.08
242621052,2024-11-10,714.58
242621052,2024-11-17,744.48
242621052,2024-11-24,761.37
256700262,2024-09-15,429.71
256700262,2024-09-22,405.75
256700262,2024-09-29,382.01
256700262,2024-10-06,372.03
256700262,2024-10-13,370.92
256700262,2024-10-20,366.79
256700262,2024-10-27,367.28
256700262,2024-11-03,363.03
256700262,2024-11-10,349.08
256700262,2024-11-17,346.44
256700262,2024-11-24,328.98
226657439,2024-09-08,358.46
226657439,2024-09-15,357.95
226657439,2024-09-22,351.76
226657439,2024-09-29,356.75
226657439,2024-10-06,352.79
226657439,2024-10-13,351.25
226657439,2024-10-20,361.94
226657439,2024-10-27,371.95
226657439,2024-11-03,371.18
226657439,2024-11-10,322.42
226657439,2024-11-17,306.04
226657439,2024-11-24,367.97
205994880,2024-09-08,901.69
205994880,2024-09-15,893.72
205994880,2024-09-22,866.33
205994880,2024-09-29,867.65
205994880,2024-10-06,898.66
205994880,2024-10-13,861.96
205994880,2024-10-20,885.01
205994880,2024-10-27,944.49
205994880,2024-11-03,958.14
205994880,2024-11-10,907.8
205994880,2024-11-17,988.06
205994880,2024-11-24,981.07
49682526,2024-09-08,449.05
49682526,2024-09-15,430.47
49682526,2024-09-22,430.35
49682526,2024-09-29,463.66
49682526,2024-10-06,432.9
49682526,2024-10-13,408.58
49682526,2024-10-20,390.97
49682526,2024-10-27,381.08
49682526,2024-11-03,383.14
49682526,2024-11-10,382.04
49682526,2024-11-17,380.18
49682526,2024-11-24,382.03
218924051,2024-09-08,1025.45
218924051,2024-09-15,1029.02
218924051,2024-09-22,1048.46
218924051,2024-09-29,1051.8
218924051,2024-10-06,1062.6
218924051,2024-10-13,1023.88
218924051,2024-10-20,1001.42
218924051,2024-10-27,1006.42
218924051,2024-11-03,977.87
218924051,2024-11-10,943.71
218924051,2024-11-17,947.29
218924051,2024-11-24,1011.71
13856867,2024-09-08,431.77
13856867,2024-09-15,445.36
13856867,2024-09-22,447.34
13856867,2024-09-29,447.1
13856867,2024-10-06,447.03
13856867,2024-10-13,426.79
13856867,2024-10-20,418.97
13856867,2024-10-27,425.37
13856867,2024-11-03,432.13
13856867,2024-11-10,381.44
13856867,2024-11-17,380.92
13856867,2024-11-24,410.1
44206105,2024-09-08,1232.7
44206105,2024-09-15,1229.04
44206105,2024-09-22,1175.29
44206105,2024-09-29,1131.26
44206105,2024-10-06,1179.06
44206105,2024-10-13,1204.56
44206105,2024-10-20,1207.99
44206105,2024-10-27,1237.84
44206105,2024-11-03,1253.65
44206105,2024-11-10,1243.63
44206105,2024-11-17,1287.6
44206105,2024-11-24,1238.89
221611736,2024-09-08,1036.5
221611736,2024-09-15,999.76
221611736,2024-09-22,999.78
221611736,2024-09-29,983.97
221611736,2024-10-06,963.32
221611736,2024-10-13,1013.32
221611736,2024-10-20,1061.24
221611736,2024-10-27,995.69
221611736,2024-11-03,896.32
221611736,2024-11-10,867.98
221611736,2024-11-17,854.77
221611736,2024-11-24,923.43
7712832,2024-09-08,901.69
7712832,2024-09-15,892.9
7712832,2024-09-22,872.25
7712832,2024-09-29,850.38
7712832,2024-10-06,866.08
7712832,2024-10-13,834.47
7712832,2024-10-20,800.24
7712832,2024-10-27,849.91
7712832,2024-11-03,763.98
7712832,2024-11-10,750.6
7712832,2024-11-17,799.88
7712832,2024-11-24,860.53
110328993,2024-09-08,286.49
110328993,2024-09-15,283.22
110328993,2024-09-22,285.04
110328993,2024-09-29,286.9
110328993,2024-10-06,298.51
110328993,2024-10-13,299.38
110328993,2024-10-20,318.25
110328993,2024-10-27,344.01
110328993,2024-11-03,312.64
110328993,2024-11-10,341.41
110328993,2024-11-17,338.9
110328993,2024-11-24,345.65
185851559,2024-09-08,618.14
185851559,2024-09-15,621.97
185851559,2024-09-22,616.74
185851559,2024-09-29,607.41
185851559,2024-10-06,634.97
185851559,2024-10-13,612.44
185851559,2024-10-20,583.15
185851559,2024-10-27,569.11
185851559,2024-11-03,511.09
185851559,2024-11-10,497.77
185851559,2024-11-17,497.93
185851559,2024-11-24,524.16
43409221,2024-09-08,808.85
43409221,2024-09-15,843.72
43409221,2024-09-22,867.94
43409221,2024-09-29,884.87
43409221,2024-10-06,857.09
43409221,2024-10-13,819.23
43409221,2024-10-20,804.09
43409221,2024-10-27,784.45
43409221,2024-11-03,788.12
43409221,2024-11-10,784.51
43409221,2024-11-17,770.02
43409221,2024-11-24,729.07
74643152,2024-09-08,2009.26
74643152,2024-09-15,2009.3
74643152,2024-09-22,2002.38
74643152,2024-09-29,1997.48
74643152,2024-10-06,2024.18
74643152,2024-10-13,2030.74
74643152,2024-10-20,1969.77
74643152,2024-10-27,1957.51
74643152,2024-11-03,1939.13
74643152,2024-11-10,1885.79
74643152,2024-11-17,1897.6
74643152,2024-11-24,1872.25
208015625,2024-09-08,637.57
208015625,2024-09-15,673.35
208015625,2024-09-22,686.88
208015625,2024-09-29,683.61
208015625,2024-10-06,688.49
208015625,2024-10-13,657.38
208015625,2024-10-20,623.22
208015625,2024-10-27,596.8
208015625,2024-11-03,567.9
208015625,2024-11-10,559.55
208015625,2024-11-17,561.81
208015625,2024-11-24,587.4
174293135,2024-09-08,781.74
174293135,2024-09-15,752.32
174293135,2024-09-22,739.89
174293135,2024-09-29,731.97
174293135,2024-10-06,725.79
174293135,2024-10-13,701.94
174293135,2024-10-20,679.34
174293135,2024-10-27,666.46
174293135,2024-11-03,634.28
174293135,2024-11-10,625.02
174293135,2024-11-17,602.58
174293135,2024-11-24,599.14
177622109,2024-09-08,547.3
177622109,2024-09-15,506.82
177622109,2024-09-22,503.69
177622109,2024-09-29,508.52
177622109,2024-10-06,558.92
177622109,2024-10-13,541.04
177622109,2024-10-20,551.95
177622109,2024-10-27,558.26
177622109,2024-11-03,545.06
177622109,2024-11-10,530.85
177622109,2024-11-17,523.66
177622109,2024-11-24,534.57
78426105,2024-09-08,1047.14
78426105,2024-09-15,1139.25
78426105,2024-09-22,1216.79
78426105,2024-09-29,1178.39
78426105,2024-10-06,1169.03
78426105,2024-10-13,1112.13
78426105,2024-10-20,1111.37
78426105,2024-10-27,1130.22
78426105,2024-11-03,1000.39
78426105,2024-11-10,967.32
78426105,2024-11-17,962.53
78426105,2024-11-24,969.04
54377395,2024-09-08,138.28
54377395,2024-09-15,146.27
54377395,2024-09-22,147.98
54377395,2024-09-29,145.34
54377395,2024-10-06,146.19
54377395,2024-10-13,160.0
54377395,2024-10-20,177.08
54377395,2024-10-27,167.81
54377395,2024-11-03,166.83
54377395,2024-11-10,166.88
54377395,2024-11-17,166.81
54377395,2024-11-24,167.07
196330474,2024-09-08,527.55
196330474,2024-09-15,497.92
196330474,2024-09-22,509.9
196330474,2024-09-29,505.97
196330474,2024-10-06,503.62
196330474,2024-10-13,484.64
196330474,2024-10-20,454.04
196330474,2024-10-27,458.26
196330474,2024-11-03,463.87
196330474,2024-11-10,478.49
196330474,2024-11-17,519.03
196330474,2024-11-24,511.29
188037949,2024-09-08,570.64
188037949,2024-09-15,630.59
188037949,2024-09-22,632.22
188037949,2024-09-29,616.81
188037949,2024-10-06,589.03
188037949,2024-10-13,561.42
188037949,2024-10-20,611.52
188037949,2024-10-27,570.21
188037949,2024-11-03,514.65
188037949,2024-11-10,512.09
188037949,2024-11-17,503.54
188037949,2024-11-24,504.98
78028037,2024-09-08,1326.63
78028037,2024-09-15,1327.32
78028037,2024-09-22,1331.04
78028037,2024-09-29,1326.61
78028037,2024-10-06,1324.05
78028037,2024-10-13,1345.25
78028037,2024-10-20,1411.93
78028037,2024-10-27,1302.85
78028037,2024-11-03,1257.18
78028037,2024-11-10,1217.79
78028037,2024-11-17,1208.36
78028037,2024-11-24,1220.17
45121518,2024-09-08,360.3
45121518,2024-09-15,356.9
45121518,2024-09-22,363.23
45121518,2024-09-29,361.45
45121518,2024-10-06,382.79
45121518,2024-10-13,389.78
45121518,2024-10-20,376.42
45121518,2024-10-27,364.91
45121518,2024-11-03,360.66
45121518,2024-11-10,328.24
45121518,2024-11-17,317.4
45121518,2024-11-24,371.12
14559247,2024-09-08,415.81
14559247,2024-09-15,401.3
14559247,2024-09-22,373.94
14559247,2024-09-29,369.78
14559247,2024-10-06,373.03
14559247,2024-10-13,373.24
14559247,2024-10-20,362.99
14559247,2024-10-27,357.75
14559247,2024-11-03,359.34
14559247,2024-11-10,352.53
14559247,2024-11-17,357.81
14559247,2024-11-24,355.41
80460081,2024-09-08,524.43
80460081,2024-09-15,528.73
80460081,2024-09-22,541.57
80460081,2024-09-29,544.99
80460081,2024-10-06,531.46
80460081,2024-10-13,504.49
80460081,2024-10-20,499.03
80460081,2024-10-27,487.21
80460081,2024-11-03,470.59
80460081,2024-11-10,467.91
80460081,2024-11-17,493.05
80460081,2024-11-24,541.72
144132398,2024-09-08,665.33
144132398,2024-09-15,673.47
144132398,2024-09-22,688.03
144132398,2024-09-29,692.41
144132398,2024-10-06,696.76
144132398,2024-10-13,648.13
144132398,2024-10-20,636.64
144132398,2024-10-27,635.0
144132398,2024-11-03,635.44
144132398,2024-11-10,640.29
144132398,2024-11-17,641.58
144132398,2024-11-24,638.27
162256195,2024-09-08,1671.43
162256195,2024-09-15,1702.45
162256195,2024-09-22,1717.14
162256195,2024-09-29,1696.22
162256195,2024-10-06,1689.41
162256195,2024-10-13,1600.42
162256195,2024-10-20,1573.69
162256195,2024-10-27,1581.28
162256195,2024-11-03,1526.89
162256195,2024-11-10,1451.42
162256195,2024-11-17,1440.49
162256195,2024-11-24,1526.29
113288798,2024-09-08,536.14
113288798,2024-09-15,536.67
113288798,2024-09-22,536.94
113288798,2024-09-29,537.29
113288798,2024-10-06,536.2
113288798,2024-10-13,536.47
113288798,2024-10-20,535.03
113288798,2024-10-27,535.38
113288798,2024-11-03,535.32
113288798,2024-11-10,535.46
113288798,2024-11-17,526.2
113288798,2024-11-24,464.83
15512137,2024-09-08,572.51
15512137,2024-09-15,572.21
15512137,2024-09-22,592.42
15512137,2024-09-29,600.18
15512137,2024-10-06,602.03
15512137,2024-10-13,589.06
15512137,2024-10-20,595.19
15512137,2024-10-27,629.36
15512137,2024-11-03,579.35
15512137,2024-11-10,562.03
15512137,2024-11-17,534.41
15512137,2024-11-24,531.82
87649637,2024-09-08,172.58
87649637,2024-09-15,149.3
87649637,2024-09-22,153.46
87649637,2024-09-29,159.36
87649637,2024-10-06,167.58
87649637,2024-10-13,160.68
87649637,2024-10-20,151.4
87649637,2024-10-27,162.62
87649637,2024-11-03,150.34
87649637,2024-11-10,142.56
87649637,2024-11-17,153.55
87649637,2024-11-24,150.6
58124742,2024-09-08,1020.42
58124742,2024-09-15,1099.27
58124742,2024-09-22,1079.92
58124742,2024-09-29,1024.66
58124742,2024-10-06,1007.6
58124742,2024-10-13,990.97
58124742,2024-10-20,972.31
58124742,2024-10-27,1010.76
58124742,2024-11-03,985.51
58124742,2024-11-10,926.36
58124742,2024-11-17,907.41
58124742,2024-11-24,956.47
139089078,2024-09-08,284.63
139089078,2024-09-15,294.61
139089078,2024-09-22,297.95
139089078,2024-09-29,294.87
139089078,2024-10-06,299.6
139089078,2024-10-13,292.16
139089078,2024-10-20,280.24
139089078,2024-10-27,278.84
139089078,2024-11-03,270.68
139089078,2024-11-10,265.37
139089078,2024-11-17,263.81
139089078,2024-11-24,259.43
10961163,2024-09-08,371.58
10961163,2024-09-15,353.46
10961163,2024-09-22,335.79
10961163,2024-09-29,316.75
10961163,2024-10-06,296.44
10961163,2024-10-13,295.67
10961163,2024-10-20,313.95
10961163,2024-10-27,330.79
10961163,2024-11-03,347.38
10961163,2024-11-10,293.04
10961163,2024-11-17,270.69
10961163,2024-11-24,268.98
217395921,2024-09-08,974.97
217395921,2024-09-15,1027.88
217395921,2024-09-22,1148.27
217395921,2024-09-29,1197.94
217395921,2024-10-06,1275.7
217395921,2024-10-13,1296.32
217395921,2024-10-20,1336.2
217395921,2024-10-27,1365.48
217395921,2024-11-03,1264.19
217395921,2024-11-10,1185.62
217395921,2024-11-17,1155.4
217395921,2024-11-24,1153.17
43014537,2024-09-08,355.97
43014537,2024-09-15,355.19
43014537,2024-09-22,359.56
43014537,2024-09-29,376.33
43014537,2024-10-06,399.97
43014537,2024-10-13,456.74
43014537,2024-10-20,433.22
43014537,2024-10-27,419.75
43014537,2024-11-03,416.77
43014537,2024-11-10,434.01
43014537,2024-11-17,437.5
43014537,2024-11-24,432.12
241463639,2024-09-08,750.74
241463639,2024-09-15,726.21
241463639,2024-09-22,764.48
241463639,2024-09-29,783.44
241463639,2024-10-06,772.16
241463639,2024-10-13,709.69
241463639,2024-10-20,680.8
241463639,2024-10-27,765.54
241463639,2024-11-03,815.91
241463639,2024-11-10,818.61
241463639,2024-11-17,773.85
241463639,2024-11-24,734.68
237694812,2024-09-08,251.35
237694812,2024-09-15,249.84
237694812,2024-09-22,249.8
237694812,2024-09-29,248.83
237694812,2024-10-06,249.07
237694812,2024-10-13,248.02
237694812,2024-10-20,237.38
237694812,2024-10-27,246.77
237694812,2024-11-03,231.26
237694812,2024-11-10,225.58
237694812,2024-11-17,225.05
237694812,2024-11-24,224.38
137576562,2024-09-08,497.81
137576562,2024-09-15,505.21
137576562,2024-09-22,516.25
137576562,2024-09-29,510.74
137576562,2024-10-06,507.83
137576562,2024-10-13,517.52
137576562,2024-10-20,520.36
137576562,2024-10-27,514.33
137576562,2024-11-03,495.44
137576562,2024-11-10,471.04
137576562,2024-11-17,450.65
137576562,2024-11-24,451.15
249685696,2024-09-22,7464.0
249685696,2024-09-29,7136.0
249685696,2024-10-06,7199.1
249685696,2024-10-13,6953.84
249685696,2024-10-20,6809.5
249685696,2024-10-27,6580.4
249685696,2024-11-03,6196.16
249685696,2024-11-10,6086.94
249685696,2024-11-17,6081.46
249685696,2024-11-24,6445.38
70519597,2024-09-08,1240.08
70519597,2024-09-15,1194.25
70519597,2024-09-22,1188.89
70519597,2024-09-29,1229.7
70519597,2024-10-06,1262.59
70519597,2024-10-13,1230.6
70519597,2024-10-20,1135.55
70519597,2024-10-27,1114.92
70519597,2024-11-03,1074.78
70519597,2024-11-10,989.59
70519597,2024-11-17,953.43
70519597,2024-11-24,969.98
160004353,2024-09-08,10068.93
160004353,2024-09-15,9805.87
160004353,2024-09-22,9982.44
160004353,2024-09-29,10027.35
160004353,2024-10-06,10086.64
160004353,2024-10-13,9866.14
160004353,2024-10-20,9747.42
160004353,2024-10-27,9524.48
160004353,2024-11-03,9587.7
160004353,2024-11-10,9683.33
160004353,2024-11-17,9746.76
160004353,2024-11-24,9694.59
83864392,2024-09-08,877.29
83864392,2024-09-15,891.11
83864392,2024-09-22,915.05
83864392,2024-09-29,930.08
83864392,2024-10-06,956.23
83864392,2024-10-13,888.6
83864392,2024-10-20,860.95
83864392,2024-10-27,815.73
83864392,2024-11-03,777.64
83864392,2024-11-10,774.46
83864392,2024-11-17,766.76
83864392,2024-11-24,770.16
17358083,2024-09-08,1452.63
17358083,2024-09-15,1401.08
17358083,2024-09-22,1512.42
17358083,2024-09-29,1524.83
17358083,2024-10-06,1557.93
17358083,2024-10-13,1509.69
17358083,2024-10-20,1433.83
17358083,2024-10-27,1562.02
17358083,2024-11-03,1319.37
17358083,2024-11-10,1364.93
17358083,2024-11-17,1427.38
17358083,2024-11-24,1482.26
174024536,2024-09-08,177.14
174024536,2024-09-15,175.33
174024536,2024-09-22,177.26
174024536,2024-09-29,173.85
174024536,2024-10-06,171.98
174024536,2024-10-13,171.91
174024536,2024-10-20,171.38
174024536,2024-10-27,171.71
174024536,2024-11-03,171.41
174024536,2024-11-10,171.56
174024536,2024-11-17,171.59
174024536,2024-11-24,171.7
230038404,2024-09-08,556.4
230038404,2024-09-15,557.44
230038404,2024-09-22,556.42
230038404,2024-09-29,552.51
230038404,2024-10-06,559.81
230038404,2024-10-13,543.61
230038404,2024-10-20,531.16
230038404,2024-10-27,547.37
230038404,2024-11-03,547.11
230038404,2024-11-10,585.64
230038404,2024-11-17,596.09
230038404,2024-11-24,597.85
70212671,2024-09-08,1668.78
70212671,2024-09-15,1683.16
70212671,2024-09-22,1679.47
70212671,2024-09-29,1716.78
70212671,2024-10-06,1734.36
70212671,2024-10-13,1722.26
70212671,2024-10-20,1820.39
70212671,2024-10-27,1653.11
70212671,2024-11-03,1466.57
70212671,2024-11-10,1423.99
70212671,2024-11-17,1396.63
70212671,2024-11-24,1395.51
144388738,2024-09-08,186.07
144388738,2024-09-15,190.52
144388738,2024-09-22,190.67
144388738,2024-09-29,190.68
144388738,2024-10-06,190.83
144388738,2024-10-13,190.08
144388738,2024-10-20,182.64
144388738,2024-10-27,182.79
144388738,2024-11-03,172.27
144388738,2024-11-10,168.03
144388738,2024-11-17,169.34
144388738,2024-11-24,183.41
171304673,2024-09-08,1119.95
171304673,2024-09-15,1078.24
171304673,2024-09-22,1051.85
171304673,2024-09-29,1048.9
171304673,2024-10-06,1052.54
171304673,2024-10-13,999.53
171304673,2024-10-20,967.28
171304673,2024-10-27,960.83
171304673,2024-11-03,914.5
171304673,2024-11-10,905.59
171304673,2024-11-17,889.93
171304673,2024-11-24,888.36
170382350,2024-09-08,590.75
170382350,2024-09-15,658.6
170382350,2024-09-22,625.3
170382350,2024-09-29,609.96
170382350,2024-10-06,633.81
170382350,2024-10-13,606.62
170382350,2024-10-20,591.05
170382350,2024-10-27,546.92
170382350,2024-11-03,487.82
170382350,2024-11-10,499.89
170382350,2024-11-17,467.59
170382350,2024-11-24,499.31
149564395,2024-09-08,608.14
149564395,2024-09-15,604.76
149564395,2024-09-22,617.93
149564395,2024-09-29,645.88
149564395,2024-10-06,688.73
149564395,2024-10-13,697.99
149564395,2024-10-20,698.88
149564395,2024-10-27,696.81
149564395,2024-11-03,707.61
149564395,2024-11-10,712.02
149564395,2024-11-17,705.43
149564395,2024-11-24,707.54
122560622,2024-09-08,438.91
122560622,2024-09-15,491.8
122560622,2024-09-22,472.7
122560622,2024-09-29,505.72
122560622,2024-10-06,590.4
122560622,2024-10-13,591.12
122560622,2024-10-20,561.56
122560622,2024-10-27,534.93
122560622,2024-11-03,507.34
122560622,2024-11-10,498.51
122560622,2024-11-17,517.35
122560622,2024-11-24,538.86
155658703,2024-09-08,828.94
155658703,2024-09-15,840.17
155658703,2024-09-22,814.65
155658703,2024-09-29,810.51
155658703,2024-10-06,811.46
155658703,2024-10-13,784.92
155658703,2024-10-20,763.95
155658703,2024-10-27,781.28
155658703,2024-11-03,759.21
155658703,2024-11-10,746.52
155658703,2024-11-17,740.48
155658703,2024-11-24,740.79
64909680,2024-09-08,1902.17
64909680,2024-09-15,1773.81
64909680,2024-09-22,1709.52
64909680,2024-09-29,1632.54
64909680,2024-10-06,1584.03
64909680,2024-10-13,1554.52
64909680,2024-10-20,1422.7
64909680,2024-10-27,1403.78
64909680,2024-11-03,1358.97
64909680,2024-11-10,1341.53
64909680,2024-11-17,1322.09
64909680,2024-11-24,1316.58
231029677,2024-09-08,304.75
231029677,2024-09-15,340.69
231029677,2024-09-22,364.39
231029677,2024-09-29,334.86
231029677,2024-10-06,302.01
231029677,2024-10-13,300.3
231029677,2024-10-20,297.47
231029677,2024-10-27,298.15
231029677,2024-11-03,286.51
231029677,2024-11-10,279.68
231029677,2024-11-17,278.69
231029677,2024-11-24,289.89
96433297,2024-09-08,697.48
96433297,2024-09-15,667.42
96433297,2024-09-22,668.07
96433297,2024-09-29,664.95
96433297,2024-10-06,656.39
96433297,2024-10-13,632.52
96433297,2024-10-20,652.63
96433297,2024-10-27,654.38
96433297,2024-11-03,536.63
96433297,2024-11-10,519.94
96433297,2024-11-17,512.51
96433297,2024-11-24,554.83
169342559,2024-09-08,1360.33
169342559,2024-09-15,1318.19
169342559,2024-09-22,1363.65
169342559,2024-09-29,1396.17
169342559,2024-10-06,1410.83
169342559,2024-10-13,1391.53
169342559,2024-10-20,1379.52
169342559,2024-10-27,1379.51
169342559,2024-11-03,1375.59
169342559,2024-11-10,1385.63
169342559,2024-11-17,1386.7
169342559,2024-11-24,1376.43
197828851,2024-09-08,1620.69
197828851,2024-09-15,1636.58
197828851,2024-09-22,1586.4
197828851,2024-09-29,1510.42
197828851,2024-10-06,1503.07
197828851,2024-10-13,1437.91
197828851,2024-10-20,1406.66
197828851,2024-10-27,1424.16
197828851,2024-11-03,1393.59
197828851,2024-11-10,1351.48
197828851,2024-11-17,1380.99
197828851,2024-11-24,1493.9
234116001,2024-09-08,413.01
234116001,2024-09-15,379.14
234116001,2024-09-22,359.32
234116001,2024-09-29,358.52
234116001,2024-10-06,360.74
234116001,2024-10-13,359.65
234116001,2024-10-20,355.03
234116001,2024-10-27,370.61
234116001,2024-11-03,352.01
234116001,2024-11-10,335.82
234116001,2024-11-17,328.56
234116001,2024-11-24,329.99
249685779,2024-09-15,3691.8
249685779,2024-09-22,3664.85
249685779,2024-09-29,3785.17
249685779,2024-10-06,3666.0
249685779,2024-10-13,3670.6
249685779,2024-10-20,3604.3
249685779,2024-10-27,3329.94
249685779,2024-11-03,3263.67
249685779,2024-11-10,3350.33
249685779,2024-11-17,3451.68
249685779,2024-11-24,3906.38
35650072,2024-09-08,394.64
35650072,2024-09-15,376.18
35650072,2024-09-22,376.1
35650072,2024-09-29,374.03
35650072,2024-10-06,373.63
35650072,2024-10-13,363.86
35650072,2024-10-20,346.77
35650072,2024-10-27,348.33
35650072,2024-11-03,334.82
35650072,2024-11-10,330.61
35650072,2024-11-17,330.79
35650072,2024-11-24,319.42
168915920,2024-09-08,2965.05
168915920,2024-09-15,2706.53
168915920,2024-09-22,2058.21
168915920,2024-09-29,1979.7
168915920,2024-10-06,1985.73
168915920,2024-10-13,1941.97
168915920,2024-10-20,1769.88
168915920,2024-10-27,1750.24
168915920,2024-11-03,1683.77
168915920,2024-11-10,1666.42
168915920,2024-11-17,1640.66
168915920,2024-11-24,1651.76
101319087,2024-09-08,1074.79
101319087,2024-09-15,1083.1
101319087,2024-09-22,1106.18
101319087,2024-09-29,1110.34
101319087,2024-10-06,1123.2
101319087,2024-10-13,1112.62
101319087,2024-10-20,1102.07
101319087,2024-10-27,1094.84
101319087,2024-11-03,1045.78
101319087,2024-11-10,982.11
101319087,2024-11-17,980.87
101319087,2024-11-24,982.11
18353712,2024-09-08,563.08
18353712,2024-09-15,619.29
18353712,2024-09-22,603.97
18353712,2024-09-29,600.03
18353712,2024-10-06,562.55
18353712,2024-10-13,596.06
18353712,2024-10-20,575.11
18353712,2024-10-27,564.15
18353712,2024-11-03,534.72
18353712,2024-11-10,507.68
18353712,2024-11-17,506.8
18353712,2024-11-24,529.5
148759467,2024-09-08,1226.43
148759467,2024-09-15,1205.07
148759467,2024-09-22,1239.92
148759467,2024-09-29,1256.36
148759467,2024-10-06,1259.03
148759467,2024-10-13,1318.48
148759467,2024-10-20,1355.58
148759467,2024-10-27,1369.78
148759467,2024-11-03,1404.78
148759467,2024-11-10,1431.64
148759467,2024-11-17,1462.87
148759467,2024-11-24,1478.28
83768844,2024-09-08,925.49
83768844,2024-09-15,768.59
83768844,2024-09-22,804.91
83768844,2024-09-29,824.53
83768844,2024-10-06,825.3
83768844,2024-10-13,824.41
83768844,2024-10-20,830.22
83768844,2024-10-27,871.8
83768844,2024-11-03,874.95
83768844,2024-11-10,876.89
83768844,2024-11-17,876.82
83768844,2024-11-24,878.77
233318764,2024-09-08,991.17
233318764,2024-09-15,998.55
233318764,2024-09-22,975.46
233318764,2024-09-29,993.21
233318764,2024-10-06,959.84
233318764,2024-10-13,1009.82
233318764,2024-10-20,1009.3
233318764,2024-10-27,977.01
233318764,2024-11-03,832.57
233318764,2024-11-10,794.86
233318764,2024-11-17,980.15
233318764,2024-11-24,1039.94
105190787,2024-09-08,1047.31
105190787,2024-09-15,1033.78
105190787,2024-09-22,1000.04
105190787,2024-09-29,1021.7
105190787,2024-10-06,1040.74
105190787,2024-10-13,1000.99
105190787,2024-10-20,989.91
105190787,2024-10-27,986.74
105190787,2024-11-03,953.66
105190787,2024-11-10,939.57
105190787,2024-11-17,905.79
105190787,2024-11-24,909.86
